{
  "summary": {
    "prompt": "<image>请详细描述这张图片，分成5句话，每句话不超过25个字。",
    "qwen_first_chunk_s": 12.928621601997293,
    "qwen_done_s": 23.812345451995498,
    "total_done_s": 35.57521007699688,
    "answer_chars": 96,
    "sentence_count": 5,
    "tts_success_count": 5,
    "synth_http_wall_total_s": 17.566152174011222,
    "sherpa_engine_total_s": 16.776830196380615,
    "audio_total_s": 16.72997732426304,
    "play_wall_total_s": 17.25460900699545,
    "avg_engine_rtf": 1.0028005341076958,
    "play": true
  },
  "sentences": [
    {
      "index": 1,
      "text": "清晨五点，天空灰暗，电线横跨画面。",
      "chars": 17,
      "qwen_sentence_ready_s": 12.932320439998875,
      "synth_start_s": 12.932809261998045,
      "synth_done_s": 17.79160862199933,
      "synth_queue_wait_s": 0.0004888219991698861,
      "synth_http_wall_s": 4.856961899000453,
      "sherpa_engine_elapsed_s": 4.640967845916748,
      "audio_duration_s": 3.5294331065759637,
      "sherpa_rtf": 1.3149329384568296,
      "output": "/home/linaro/Qwen/tts/03_rk3588_qwen35_sherpa_onnx_voice_bridge_project/pipeline_runs/wavs_20260611_214733/tts_001_1781185666192.wav",
      "play_start_s": 17.792500227995333,
      "play_done_s": 21.476383065994014,
      "play_wall_s": 3.6837224250048166
    },
    {
      "index": 2,
      "text": "远处可见输电塔与微弱灯光点缀田野。",
      "chars": 17,
      "qwen_sentence_ready_s": 14.98332349499833,
      "synth_start_s": 17.7920201550005,
      "synth_done_s": 21.977491567995457,
      "synth_queue_wait_s": 2.8086966600021697,
      "synth_http_wall_s": 4.183198504004395,
      "sherpa_engine_elapsed_s": 4.043745994567871,
      "audio_duration_s": 3.111473922902494,
      "sherpa_rtf": 1.299623938610972,
      "output": "/home/linaro/Qwen/tts/03_rk3588_qwen35_sherpa_onnx_voice_bridge_project/pipeline_runs/wavs_20260611_214733/tts_002_1781185671051.wav",
      "play_start_s": 21.977782062000188,
      "play_done_s": 25.144176123998477,
      "play_wall_s": 3.1662607729958836
    },
    {
      "index": 3,
      "text": "绿色标记显示多个监控点位分布情况。",
      "chars": 17,
      "qwen_sentence_ready_s": 16.67644965499494,
      "synth_start_s": 21.977712063999206,
      "synth_done_s": 24.53215378299501,
      "synth_queue_wait_s": 5.301262409004266,
      "synth_http_wall_s": 2.5529979990024003,
      "sherpa_engine_elapsed_s": 2.422102928161621,
      "audio_duration_s": 2.9257142857142857,
      "sherpa_rtf": 0.8278672117739916,
      "output": "/home/linaro/Qwen/tts/03_rk3588_qwen35_sherpa_onnx_voice_bridge_project/pipeline_runs/wavs_20260611_214733/tts_003_1781185675237.wav",
      "play_start_s": 25.14450453400059,
      "play_done_s": 28.196622413001023,
      "play_wall_s": 3.0519965489947936
    },
    {
      "index": 4,
      "text": "地面平坦开阔，无明显建筑或车辆活动。",
      "chars": 18,
      "qwen_sentence_ready_s": 18.590875837995554,
      "synth_start_s": 24.53239236099762,
      "synth_done_s": 27.410413751000306,
      "synth_queue_wait_s": 5.941516523002065,
      "synth_http_wall_s": 2.8770399530039867,
      "sherpa_engine_elapsed_s": 2.6966986656188965,
      "audio_duration_s": 3.4481632653061225,
      "sherpa_rtf": 0.7820681499486619,
      "output": "/home/linaro/Qwen/tts/03_rk3588_qwen35_sherpa_onnx_voice_bridge_project/pipeline_runs/wavs_20260611_214733/tts_004_1781185677792.wav",
      "play_start_s": 28.19694586499827,
      "play_done_s": 31.755452218996652,
      "play_wall_s": 3.558441314002266
    },
    {
      "index": 5,
      "text": "右下角标注“东三I线”，左上角显示日期时间。",
      "chars": 22,
      "qwen_sentence_ready_s": 21.671120071994665,
      "synth_start_s": 27.410629579993838,
      "synth_done_s": 30.50724575899949,
      "synth_queue_wait_s": 5.739509507999173,
      "synth_http_wall_s": 3.0959538189999876,
      "sherpa_engine_elapsed_s": 2.9733147621154785,
      "audio_duration_s": 3.7151927437641725,
      "sherpa_rtf": 0.8003123840899207,
      "output": "/home/linaro/Qwen/tts/03_rk3588_qwen35_sherpa_onnx_voice_bridge_project/pipeline_runs/wavs_20260611_214733/tts_005_1781185680670.wav",
      "play_start_s": 31.755718212996726,
      "play_done_s": 35.54998928299756,
      "play_wall_s": 3.7941879459976917
    }
  ]
}