{
  "summary": {
    "prompt": "你好",
    "qwen_first_chunk_s": 21.45655100699969,
    "qwen_done_s": 30.608398044999376,
    "total_done_s": 59.9756168469994,
    "answer_chars": 159,
    "sentence_count": 7,
    "tts_success_count": 7,
    "synth_http_wall_total_s": 35.78655289100061,
    "sherpa_engine_total_s": 35.65748693700061,
    "audio_total_s": 25.220000000000002,
    "play_wall_total_s": 25.946554969999852,
    "avg_engine_rtf": 1.4138575312054167,
    "play": true
  },
  "sentences": [
    {
      "index": 1,
      "text": "不过你提供的图片似乎是一个图像处理或计算机视觉软件的界面，显示了两个并排的图像窗口和一些参数设置。",
      "chars": 49,
      "qwen_sentence_ready_s": 21.462935588999244,
      "synth_start_s": 21.464829343999554,
      "synth_done_s": 33.97811755099974,
      "synth_queue_wait_s": 0.0018937550003101933,
      "synth_http_wall_s": 12.511713531000169,
      "sherpa_engine_elapsed_s": 12.487907582999469,
      "audio_duration_s": 8.987,
      "sherpa_rtf": 1.3895524182707766,
      "output": "/home/linaro/Qwen/tts/03_rk3588_qwen35_sherpa_onnx_voice_bridge_project/pipeline_runs/wavs_20260612_145115/tts_001_1781247097414.wav",
      "play_start_s": 33.97855416799939,
      "play_done_s": 43.02157953199912,
      "play_wall_s": 9.042612956000085
    },
    {
      "index": 2,
      "text": "如果你有任何关于这张图的问题，或者需要我帮你分析、解释其中的内容，请告诉我具体你想了解什么！",
      "chars": 46,
      "qwen_sentence_ready_s": 21.464753219999693,
      "synth_start_s": 33.97841679499925,
      "synth_done_s": 41.50820940199992,
      "synth_queue_wait_s": 12.513663574999555,
      "synth_http_wall_s": 7.528019016000144,
      "sherpa_engine_elapsed_s": 7.510805771999912,
      "audio_duration_s": 8.149,
      "sherpa_rtf": 0.9216843504724399,
      "output": "/home/linaro/Qwen/tts/03_rk3588_qwen35_sherpa_onnx_voice_bridge_project/pipeline_runs/wavs_20260612_145115/tts_002_1781247109927.wav",
      "play_start_s": 43.02177202799976,
      "play_done_s": 51.317131104999135,
      "play_wall_s": 8.295288786999663
    },
    {
      "index": 3,
      "text": "例如：这个软件是做什么用的？",
      "chars": 14,
      "qwen_sentence_ready_s": 23.73247003799952,
      "synth_start_s": 41.50843660499959,
      "synth_done_s": 45.10531018999973,
      "synth_queue_wait_s": 17.77596656700007,
      "synth_http_wall_s": 3.5957781059996705,
      "sherpa_engine_elapsed_s": 3.5795156770000176,
      "audio_duration_s": 2.233,
      "sherpa_rtf": 1.6030074684281315,
      "output": "/home/linaro/Qwen/tts/03_rk3588_qwen35_sherpa_onnx_voice_bridge_project/pipeline_runs/wavs_20260612_145115/tts_003_1781247117457.wav",
      "play_start_s": 51.31734110099933,
      "play_done_s": 53.61638714199944,
      "play_wall_s": 2.298930251999991
    },
    {
      "index": 4,
      "text": "图像中有什么特别之处？",
      "chars": 11,
      "qwen_sentence_ready_s": 25.252966365999782,
      "synth_start_s": 45.10570509899935,
      "synth_done_s": 48.404892497999754,
      "synth_queue_wait_s": 19.85273873299957,
      "synth_http_wall_s": 3.29804933899959,
      "sherpa_engine_elapsed_s": 3.2799626120004177,
      "audio_duration_s": 1.774,
      "sherpa_rtf": 1.848907898534621,
      "output": "/home/linaro/Qwen/tts/03_rk3588_qwen35_sherpa_onnx_voice_bridge_project/pipeline_runs/wavs_20260612_145115/tts_004_1781247121054.wav",
      "play_start_s": 53.616561263999756,
      "play_done_s": 55.53488819499944,
      "play_wall_s": 1.9182627649997812
    },
    {
      "index": 5,
      "text": "参数设置的意义是什么？",
      "chars": 11,
      "qwen_sentence_ready_s": 26.383841618999213,
      "synth_start_s": 48.40515207599947,
      "synth_done_s": 51.67174468399935,
      "synth_queue_wait_s": 22.021310457000254,
      "synth_http_wall_s": 3.265339925000262,
      "sherpa_engine_elapsed_s": 3.2476416489998883,
      "audio_duration_s": 1.834,
      "sherpa_rtf": 1.7707969732823818,
      "output": "/home/linaro/Qwen/tts/03_rk3588_qwen35_sherpa_onnx_voice_bridge_project/pipeline_runs/wavs_20260612_145115/tts_005_1781247124354.wav",
      "play_start_s": 55.535133189999215,
      "play_done_s": 57.45463675799965,
      "play_wall_s": 1.9194224860002578
    },
    {
      "index": 6,
      "text": "请随时提问！",
      "chars": 6,
      "qwen_sentence_ready_s": 28.45732995399976,
      "synth_start_s": 51.67207601099926,
      "synth_done_s": 54.36332438499994,
      "synth_queue_wait_s": 23.214746056999502,
      "synth_http_wall_s": 2.689916942000309,
      "sherpa_engine_elapsed_s": 2.672162376000415,
      "audio_duration_s": 0.975,
      "sherpa_rtf": 2.7406793600004256,
      "output": "/home/linaro/Qwen/tts/03_rk3588_qwen35_sherpa_onnx_voice_bridge_project/pipeline_runs/wavs_20260612_145115/tts_006_1781247127621.wav",
      "play_start_s": 57.4549327929999,
      "play_done_s": 58.50287395699979,
      "play_wall_s": 1.0478653319996738
    },
    {
      "index": 7,
      "text": "我会尽力帮助你😊",
      "chars": 8,
      "qwen_sentence_ready_s": 30.60826592199919,
      "synth_start_s": 54.36361429599947,
      "synth_done_s": 57.262887963999674,
      "synth_queue_wait_s": 23.755348374000278,
      "synth_http_wall_s": 2.8977360320004664,
      "sherpa_engine_elapsed_s": 2.8794912680004927,
      "audio_duration_s": 1.268,
      "sherpa_rtf": 2.2708921671928177,
      "output": "/home/linaro/Qwen/tts/03_rk3588_qwen35_sherpa_onnx_voice_bridge_project/pipeline_runs/wavs_20260612_145115/tts_007_1781247130312.wav",
      "play_start_s": 58.50322540799971,
      "play_done_s": 59.927509797999846,
      "play_wall_s": 1.4241723920004006
    }
  ]
}