{
  "summary": {
    "prompt": "<image>请详细描述这张图片，分成5句话，每句话不超过25个字。",
    "qwen_first_chunk_s": 13.167998782002542,
    "qwen_done_s": 24.199778458001674,
    "total_done_s": 35.42445652800234,
    "answer_chars": 96,
    "sentence_count": 5,
    "tts_success_count": 5,
    "synth_http_wall_total_s": 17.323705424016225,
    "sherpa_engine_total_s": 16.567472457885742,
    "audio_total_s": 16.569387755102042,
    "play_wall_total_s": 17.162049971993838,
    "avg_engine_rtf": 0.9998844074841745,
    "play": true
  },
  "sentences": [
    {
      "index": 1,
      "text": "清晨五点，天空灰暗，电线横跨画面。",
      "chars": 17,
      "qwen_sentence_ready_s": 13.1717912430031,
      "synth_start_s": 13.172237192004104,
      "synth_done_s": 17.84802665800089,
      "synth_queue_wait_s": 0.0004459490010049194,
      "synth_http_wall_s": 4.6733756010071374,
      "sherpa_engine_elapsed_s": 4.531644582748413,
      "audio_duration_s": 3.5294331065759637,
      "sherpa_rtf": 1.2839582011924664,
      "output": "/home/linaro/Qwen/tts/03_rk3588_qwen35_sherpa_onnx_voice_bridge_project/pipeline_runs/wavs_20260611_214829/tts_001_1781185722287.wav",
      "play_start_s": 17.848649936000584,
      "play_done_s": 21.539728520001518,
      "play_wall_s": 3.690493513000547
    },
    {
      "index": 2,
      "text": "远处可见输电塔与微弱灯光点缀田野。",
      "chars": 17,
      "qwen_sentence_ready_s": 15.216891438001767,
      "synth_start_s": 17.848412815998017,
      "synth_done_s": 21.911622910003643,
      "synth_queue_wait_s": 2.6315213779962505,
      "synth_http_wall_s": 4.0608167280006455,
      "sherpa_engine_elapsed_s": 3.9066810607910156,
      "audio_duration_s": 3.111473922902494,
      "sherpa_rtf": 1.2555724899493048,
      "output": "/home/linaro/Qwen/tts/03_rk3588_qwen35_sherpa_onnx_voice_bridge_project/pipeline_runs/wavs_20260611_214829/tts_002_1781185726963.wav",
      "play_start_s": 21.91221993900399,
      "play_done_s": 25.095144710001478,
      "play_wall_s": 3.1827410249970853
    },
    {
      "index": 3,
      "text": "绿色标记显示多个监控点位分布情况。",
      "chars": 17,
      "qwen_sentence_ready_s": 16.929403403002652,
      "synth_start_s": 21.91191632099799,
      "synth_done_s": 24.527547040997888,
      "synth_queue_wait_s": 4.9825129179953365,
      "synth_http_wall_s": 2.6139160490056383,
      "sherpa_engine_elapsed_s": 2.510932683944702,
      "audio_duration_s": 2.9257142857142857,
      "sherpa_rtf": 0.8582289447076619,
      "output": "/home/linaro/Qwen/tts/03_rk3588_qwen35_sherpa_onnx_voice_bridge_project/pipeline_runs/wavs_20260611_214829/tts_003_1781185731027.wav",
      "play_start_s": 25.09545649500069,
      "play_done_s": 28.148565290000988,
      "play_wall_s": 3.053011088995845
    },
    {
      "index": 4,
      "text": "地面平坦开阔，无明显建筑或车辆活动。",
      "chars": 18,
      "qwen_sentence_ready_s": 18.870299366004474,
      "synth_start_s": 24.527655830002914,
      "synth_done_s": 27.345231780003814,
      "synth_queue_wait_s": 5.65735646399844,
      "synth_http_wall_s": 2.816853506003099,
      "sherpa_engine_elapsed_s": 2.643742084503174,
      "audio_duration_s": 3.4481632653061225,
      "sherpa_rtf": 0.7667102399423267,
      "output": "/home/linaro/Qwen/tts/03_rk3588_qwen35_sherpa_onnx_voice_bridge_project/pipeline_runs/wavs_20260611_214829/tts_004_1781185733642.wav",
      "play_start_s": 28.14891207400069,
      "play_done_s": 31.711840190000657,
      "play_wall_s": 3.562806203000946
    },
    {
      "index": 5,
      "text": "右下角标注“东三I线”，左上角显示日期时间。",
      "chars": 22,
      "qwen_sentence_ready_s": 22.00272888100153,
      "synth_start_s": 27.345513232001394,
      "synth_done_s": 30.50540328900388,
      "synth_queue_wait_s": 5.342784350999864,
      "synth_http_wall_s": 3.158743539999705,
      "sherpa_engine_elapsed_s": 2.9744720458984375,
      "audio_duration_s": 3.5546031746031748,
      "sherpa_rtf": 0.8367944042672214,
      "output": "/home/linaro/Qwen/tts/03_rk3588_qwen35_sherpa_onnx_voice_bridge_project/pipeline_runs/wavs_20260611_214829/tts_005_1781185736460.wav",
      "play_start_s": 31.71213097600412,
      "play_done_s": 35.38523236600304,
      "play_wall_s": 3.6729981419994147
    }
  ]
}