{
  "summary": {
    "prompt": "哈哈哈",
    "qwen_first_chunk_s": 12.990932525000062,
    "qwen_done_s": 46.21760011100014,
    "total_done_s": 79.1267308839997,
    "answer_chars": 203,
    "sentence_count": 6,
    "tts_success_count": 6,
    "synth_http_wall_total_s": 52.73553950900168,
    "sherpa_engine_total_s": 52.61156713600121,
    "audio_total_s": 32.287,
    "play_wall_total_s": 32.88198416600062,
    "avg_engine_rtf": 1.629496922476576,
    "play": true
  },
  "sentences": [
    {
      "index": 1,
      "text": "哈哈，你这个“”是不是在调侃我？",
      "chars": 16,
      "qwen_sentence_ready_s": 12.995987590999903,
      "synth_start_s": 12.996324459999414,
      "synth_done_s": 22.228481346999615,
      "synth_queue_wait_s": 0.00033686899951135274,
      "synth_http_wall_s": 9.230467587000021,
      "sherpa_engine_elapsed_s": 9.20440506200066,
      "audio_duration_s": 2.525,
      "sherpa_rtf": 3.645308935445806,
      "output": "/home/linaro/Qwen/tts/03_rk3588_qwen35_sherpa_onnx_voice_bridge_project/pipeline_runs/wavs_20260612_145219/tts_001_1781247152690.wav",
      "play_start_s": 22.22889462999956,
      "play_done_s": 24.89638578099948,
      "play_wall_s": 2.6673718609999924
    },
    {
      "index": 2,
      "text": "😄不过既然你发来这张截图——看起来像是某种图像处理或计算机视觉软件的界面（比如OpenCV或类似工具），而且画面里有绿色方框标出的东西……那我猜你是想说：“这玩",
      "chars": 80,
      "qwen_sentence_ready_s": 24.71760753199942,
      "synth_start_s": 24.717874109999684,
      "synth_done_s": 48.8858857260002,
      "synth_queue_wait_s": 0.0002665780002644169,
      "synth_http_wall_s": 24.165329045000362,
      "sherpa_engine_elapsed_s": 24.138931817999946,
      "audio_duration_s": 13.642,
      "sherpa_rtf": 1.7694569577774482,
      "output": "/home/linaro/Qwen/tts/03_rk3588_qwen35_sherpa_onnx_voice_bridge_project/pipeline_runs/wavs_20260612_145219/tts_002_1781247164412.wav",
      "play_start_s": 48.88629375999972,
      "play_done_s": 62.68007517699971,
      "play_wall_s": 13.793642003000059
    },
    {
      "index": 3,
      "text": "意儿太魔性了，AI都快笑场了！",
      "chars": 15,
      "qwen_sentence_ready_s": 24.73335872000007,
      "synth_start_s": 48.88618730399958,
      "synth_done_s": 52.68089774700002,
      "synth_queue_wait_s": 24.152828583999508,
      "synth_http_wall_s": 3.7929202290006288,
      "sherpa_engine_elapsed_s": 3.7720158110005286,
      "audio_duration_s": 2.601,
      "sherpa_rtf": 1.4502175359479157,
      "output": "/home/linaro/Qwen/tts/03_rk3588_qwen35_sherpa_onnx_voice_bridge_project/pipeline_runs/wavs_20260612_145219/tts_003_1781247188580.wav",
      "play_start_s": 62.68030908899982,
      "play_done_s": 65.34919566499957,
      "play_wall_s": 2.668794703000458
    },
    {
      "index": 4,
      "text": "”或者“这图也太‘无厘头’了吧？",
      "chars": 16,
      "qwen_sentence_ready_s": 27.74675612899955,
      "synth_start_s": 52.68115761700028,
      "synth_done_s": 56.35120768100023,
      "synth_queue_wait_s": 24.93440148800073,
      "synth_http_wall_s": 3.6689467109999896,
      "sherpa_engine_elapsed_s": 3.6523716239998976,
      "audio_duration_s": 2.369,
      "sherpa_rtf": 1.5417355947656806,
      "output": "/home/linaro/Qwen/tts/03_rk3588_qwen35_sherpa_onnx_voice_bridge_project/pipeline_runs/wavs_20260612_145219/tts_004_1781247192374.wav",
      "play_start_s": 65.34938320299989,
      "play_done_s": 67.76519996600018,
      "play_wall_s": 2.4157432640004117
    },
    {
      "index": 5,
      "text": "”如果你是想问这张图里发生了什么（比如绿色方框标的是什么、为什么有这些框、是不是AI识别错误），欢迎继续发问！",
      "chars": 55,
      "qwen_sentence_ready_s": 39.32231606200003,
      "synth_start_s": 56.35146813400024,
      "synth_done_s": 65.044904589,
      "synth_queue_wait_s": 17.029152072000215,
      "synth_http_wall_s": 8.692299561000254,
      "sherpa_engine_elapsed_s": 8.675540144000479,
      "audio_duration_s": 9.468,
      "sherpa_rtf": 0.9163012403887283,
      "output": "/home/linaro/Qwen/tts/03_rk3588_qwen35_sherpa_onnx_voice_bridge_project/pipeline_runs/wavs_20260612_145219/tts_005_1781247196044.wav",
      "play_start_s": 67.76569578899944,
      "play_done_s": 77.31107497199991,
      "play_wall_s": 9.54513214599956
    },
    {
      "index": 6,
      "text": "我随时在线帮你分析😄",
      "chars": 10,
      "qwen_sentence_ready_s": 46.21723290999944,
      "synth_start_s": 65.04514229300003,
      "synth_done_s": 68.23190835300011,
      "synth_queue_wait_s": 18.827909383000588,
      "synth_http_wall_s": 3.1855763760004265,
      "sherpa_engine_elapsed_s": 3.1683026769997014,
      "audio_duration_s": 1.682,
      "sherpa_rtf": 1.8836520077287167,
      "output": "/home/linaro/Qwen/tts/03_rk3588_qwen35_sherpa_onnx_voice_bridge_project/pipeline_runs/wavs_20260612_145219/tts_006_1781247204738.wav",
      "play_start_s": 77.31140542399953,
      "play_done_s": 79.10283919199992,
      "play_wall_s": 1.7913001890001397
    }
  ]
}